"status_id","abbreviation","status","hex_color","icon","position","is_closed","delete_prohibited"
"1","NU","New / uninvestigated","B3B3B3","<span class='glyphicon glyphicon-asterisk'></span>","1","0","1"
"2","UI","Under investigation","8C8C8C","<span class='glyphicon glyphicon-search'></span>","2","0","0"
"3","PT","Probably true","7194DA","<span class='glyphicon glyphicon-menu-up'></span>","4","1","0"
"4","PF","Probably false","F06542","<span class='glyphicon glyphicon-menu-down'></span>","7","1","0"
"5","CT","Confirmed true","3366CC","<span class='glyphicon glyphicon-chevron-up'></span>","5","1","0"
"6","CF","Confirmed false","DC3912","<span class='glyphicon glyphicon-chevron-down'></span>","8","1","0"
"7","IV","Impossible to verify","666666","<span class='glyphicon glyphicon-question-sign'></span>","9","1","0"
"8","IT","Impossible to verify but probably true","ADC2EB","<span class='glyphicon glyphicon-menu-up'></span>","3","1","0"
"9","IF","Impossible to verify but probably false","F59F89","<span class='glyphicon glyphicon-menu-down'></span>","6","1","0"
