"setting_id","setting","value","prepend","append","input_type","options","is_mandatory","tooltip","updated_by","updated_on"
"1","Name of this application","WikiRumours",,,"text",,"1",,"1","2015-04-01 12:58:13"
"2","Describe this application","Web- and mobile-based platform for moderating misinformation and disinformation",,,"text",,"0",,"1","2015-04-01 12:58:13"
"3","Home timezone","America/Toronto",,,"timezone",,"1",,"1","2015-04-01 12:58:13"
"4","Keep logs for","90",,"days","number",,"1",,"1","2015-04-01 12:58:13"
"5","Enable backups","1",,,"yesno_bootstrap_switch",,"1",,"1","2017-09-24 14:15:48"
"6","Keep backups for","30",,"days","number",,"1",,"1","2015-04-01 12:58:13"
"7","Maximum filesize for uploads","3",,"MB","number",,"1",,"1","2015-04-01 12:58:13"
"8","Enable friending","0",,,"yesno_bootstrap_switch",,"1",,"1","2015-04-01 12:58:13"
"9","Maximum number of times a friend invitation can be sent","3",,,"number",,"0",,"1","2015-04-01 12:58:13"
"10","Enable couponing","0",,,"yesno_bootstrap_switch",,"1",,"1","2015-04-01 12:58:13"
"11","Enable API","0",,,"yesno_bootstrap_switch",,"1",,"1","2015-04-01 12:58:13"
"12","Maximum API calls","100",,"per day","number",,"0",,"1","2015-04-01 12:58:13"
"13","Registration requires validated email address","1",,,"yesno_bootstrap_switch",,"1",,"1","2015-04-01 12:58:13"
"14","Registration requires administrator approval","0",,,"yesno_bootstrap_switch",,"1",,"1","2015-04-01 12:58:13"
"15","Keep users logged in for","1",,"days","number",,"1",,"1","2016-07-07 19:04:04"
"16","Password reset link active for","48",,"hours","number",,"1",,"1","2015-04-01 12:58:13"
"17","Email confirmation link active for","48",,"hours","number",,"1",,"1","2015-04-01 12:58:13"
"18","Pending registrations auto-deleted after","14",,"days","number",,"0",,"1","2015-04-01 12:58:13"
"23","Enable cron connections","1",,,"yesno_bootstrap_switch",,"1",,"10","2020-04-02 11:37:49"
"24","Interval between cron connections","10",,"minutes","number",,"0",,"1","2015-04-01 12:58:13"
"25","Maximum allowable failures per email address","3",,"failures","number",,"1",,"1","2015-04-01 12:58:13"
"26","Enable console for testers","1",,,"yesno_bootstrap_switch",,"1",,"1","2015-04-01 12:58:13"
"27","Root URL","www.wikirumours.org",,,"text",,"1",,"1","2015-04-08 15:09:59"
"28","Enable Google Analytics","1",,,"yesno_bootstrap_switch",,"0",,"1","0000-00-00 00:00:00"
"29","Default language","eng",,,"language",,"1",,"1","2015-08-24 14:19:15"
"30","Delete downloadables after","1",,"days","number",,"0","Specify 0 to disable automated deletion","1","0000-00-00 00:00:00"
"31","Keep connection metadata for","90",,"days","number",,"1",,"1","2016-05-03 14:02:03"
"32","Keep interrupted sessions for","30",,"days","number",,"1",,"1","2016-05-18 00:00:00"
"33","API key active for","12",,"months","number",,"1",,"1","2017-06-22 00:00:00"
"34","Block blacklisted users","1",,,"yesno_bootstrap_switch",,"1",,"1","0000-00-00 00:00:00"
